{
  "J_A_shape": [
    490,
    490
  ],
  "J_B_shape": [
    784,
    784
  ],
  "A_shape": [
    5000,
    490
  ],
  "B_shape": [
    5000,
    784
  ],
  "J_A_norm": 137.13644409179688,
  "J_B_norm": 400.5049133300781,
  "computation_time_A": 3.205913782119751,
  "computation_time_B": 0.32091212272644043
}