{
  "timestamp": "2026-01-20 15:43:42",
  "device": "cpu",
  "matrices": {
    "A_shape": [
      5000,
      490
    ],
    "B_shape": [
      5000,
      784
    ],
    "JA_shape": [
      490,
      490
    ],
    "JB_shape": [
      784,
      784
    ],
    "T_old_shape": [
      784,
      490
    ],
    "T_new_shape": [
      784,
      490
    ]
  },
  "optimization": {
    "best_lambda": 0.1,
    "lambda_sweep": {
      "0.1": {
        "fidelity_error": 906.1976928710938,
        "relative_fidelity": 0.47205896931700303,
        "symmetry_error": 111.37565612792969,
        "combined_score": 1.1006680021245767,
        "loss_history": [
          822434.6875,
          822434.6875,
          822434.6875,
          822434.6875,
          822437.375,
          822435.4375,
          822434.9375,
          822434.6875,
          822434.6875,
          822434.6875
        ],
        "time": 1.9026763439178467
      },
      "1.0": {
        "fidelity_error": 906.8569946289062,
        "relative_fidelity": 0.4724024145836488,
        "symmetry_error": 62.743587493896484,
        "combined_score": 4.633355667829901,
        "loss_history": [
          826327.6875,
          826328.8125,
          826326.4375,
          826326.5625,
          826326.5,
          826326.375,
          826326.375,
          826326.375,
          826326.375,
          826326.375
        ],
        "time": 4.698893070220947
      },
      "10.0": {
        "fidelity_error": 910.156005859375,
        "relative_fidelity": 0.4741209444954677,
        "symmetry_error": 45.74848556518555,
        "combined_score": 33.5420401417678,
        "loss_history": [
          849315.5625,
          849313.875,
          849313.5625,
          849313.4375,
          849313.3125,
          849313.4375,
          849313.3125,
          849313.1875,
          849313.3125,
          849313.1875
        ],
        "time": 5.300677061080933
      }
    }
  },
  "evaluation": {
    "T_old": {
      "ssim_mean": 0.6141921594647225,
      "ssim_std": 0.4166256374946532,
      "ssim_median": 0.7885430455207825,
      "psnr_mean": 7.207898548754779,
      "psnr_std": 2.071763394182894,
      "psnr_median": 6.906195422247741,
      "fidelity_error": 906.1637573242188,
      "relative_error": 0.4720412790775299
    },
    "T_new": {
      "ssim_mean": 0.6142969511114992,
      "ssim_std": 0.41641313844832634,
      "ssim_median": 0.7885411977767944,
      "psnr_mean": 7.207558455685641,
      "psnr_std": 2.0718130922103666,
      "psnr_median": 6.906299236116258,
      "fidelity_error": 906.1976928710938,
      "relative_error": 0.4720589816570282
    },
    "improvement": {
      "ssim_diff": 0.00010479164677668074,
      "psnr_diff": -0.00034009306913773685,
      "relative_error_diff": -1.7702579498291016e-05
    }
  },
  "symmetry": {
    "T_old": 117.7322998046875,
    "T_new": 111.37565612792969,
    "improvement": 6.3566436767578125
  },
  "robustness": {
    "-30": {
      "T_old": {
        "ssim_mean": 0.3622280407795042,
        "ssim_std": 0.47651145904193315,
        "psnr_mean": 5.698288886676666,
        "psnr_std": 1.9926562681618833,
        "fidelity_error": 1087.109130859375
      },
      "T_new": {
        "ssim_mean": 0.36190552304581797,
        "ssim_std": 0.4765621006163695,
        "psnr_mean": 5.69866373919541,
        "psnr_std": 1.992350042702393,
        "fidelity_error": 1087.0240478515625
      },
      "improvement": {
        "ssim_diff": -0.00032251773368624503,
        "psnr_diff": 0.0003748525187434737
      },
      "time": 0.5977809429168701
    },
    "-15": {
      "T_old": {
        "ssim_mean": 0.5214467227282003,
        "ssim_std": 0.4461957324101852,
        "psnr_mean": 7.28011703951598,
        "psnr_std": 2.2272844273991845,
        "fidelity_error": 921.0875854492188
      },
      "T_new": {
        "ssim_mean": 0.5215899862861261,
        "ssim_std": 0.4463903850185347,
        "psnr_mean": 7.280665532183429,
        "psnr_std": 2.227029501699297,
        "fidelity_error": 921.0573120117188
      },
      "improvement": {
        "ssim_diff": 0.00014326355792582124,
        "psnr_diff": 0.0005484926674483859
      },
      "time": 0.5717453956604004
    },
    "15": {
      "T_old": {
        "ssim_mean": 0.49152238628975464,
        "ssim_std": 0.45998793982888403,
        "psnr_mean": 7.0540961868206375,
        "psnr_std": 2.081668627741857,
        "fidelity_error": 926.6358032226562
      },
      "T_new": {
        "ssim_mean": 0.49202193159727176,
        "ssim_std": 0.4597491070416809,
        "psnr_mean": 7.055109189485844,
        "psnr_std": 2.0813143553732036,
        "fidelity_error": 926.5286865234375
      },
      "improvement": {
        "ssim_diff": 0.000499545307517113,
        "psnr_diff": 0.0010130026652062085
      },
      "time": 0.5818631649017334
    },
    "30": {
      "T_old": {
        "ssim_mean": 0.3832131454590708,
        "ssim_std": 0.46282827346061967,
        "psnr_mean": 5.5008486739391405,
        "psnr_std": 1.7590964873470036,
        "fidelity_error": 1093.803466796875
      },
      "T_new": {
        "ssim_mean": 0.3841247251662426,
        "ssim_std": 0.46258438812250535,
        "psnr_mean": 5.502642947736616,
        "psnr_std": 1.7579981128860613,
        "fidelity_error": 1093.5364990234375
      },
      "improvement": {
        "ssim_diff": 0.0009115797071717613,
        "psnr_diff": 0.001794273797475654
      },
      "time": 0.5937235355377197
    }
  },
  "total_time": 15.056330919265747
}