{
  "epochs": [
    1,
    2,
    3,
    4,
    5,
    6,
    7,
    8,
    9,
    10,
    11,
    12,
    13,
    14,
    15
  ],
  "train_loss": [
    0.1563568149151197,
    0.04721978009749911,
    0.03348665935139277,
    0.02434581249139643,
    0.019903203521456532,
    0.011697980226731169,
    0.00786541586421663,
    0.005668663617467316,
    0.005078572398196983,
    0.006292735125771869,
    0.0030303749903743357,
    0.0018177251989253177,
    0.0014174485693417636,
    0.0019679336621754658,
    0.0013067197126453791
  ],
  "train_acc": [
    95.11666666666666,
    98.55,
    98.95166666666667,
    99.24166666666666,
    99.36333333333333,
    99.63166666666666,
    99.755,
    99.82666666666667,
    99.82666666666667,
    99.795,
    99.91166666666666,
    99.94333333333333,
    99.95,
    99.93333333333334,
    99.965
  ],
  "test_loss": [
    0.03828945753674459,
    0.02869434776504379,
    0.024994877587957917,
    0.01931356139847813,
    0.021600779088899638,
    0.016800792394216058,
    0.019573300388313047,
    0.02018283746377784,
    0.02232772611165717,
    0.01921064433057081,
    0.01891485325041801,
    0.01972268545977726,
    0.023282403926805133,
    0.020498849056863677,
    0.023944453733295297
  ],
  "test_acc": [
    98.82,
    99.11,
    99.1,
    99.39,
    99.3,
    99.48,
    99.41,
    99.43,
    99.47,
    99.46,
    99.53,
    99.52,
    99.53,
    99.43,
    99.45
  ]
}